{
 "Ann0":{
  "Gender":"Female",
  "Age":"56"
 },
 "Ann1":{
  "Gender":"Female",
  "Age":"34"
 },
 "Ann2":{
  "Gender":"Female",
  "Age":"29"
 },
 "Ann3":{
  "Gender":"Male",
  "Age":"23"
 },
 "Ann4":{
  "Gender":"Male",
  "Age":"30"
 },
 "Ann5":{
  "Gender":"Female",
  "Age":"64"
 },
 "Ann6":{
  "Gender":"Male",
  "Age":"26"
 },
 "Ann7":{
  "Gender":"Female",
  "Age":"34"
 },
 "Ann8":{
  "Gender":"Male",
  "Age":"27"
 },
 "Ann9":{
  "Gender":"Female",
  "Age":"32"
 },
 "Ann10":{
  "Gender":"Male",
  "Age":"32"
 },
 "Ann11":{
  "Gender":"Male",
  "Age":"43"
 },
 "Ann12":{
  "Gender":"Female",
  "Age":"31"
 },
 "Ann13":{
  "Gender":"Female",
  "Age":"24"
 },
 "Ann14":{
  "Gender":"Female",
  "Age":"33"
 },
 "Ann15":{
  "Gender":"Female",
  "Age":"43"
 },
 "Ann16":{
  "Gender":"Male",
  "Age":"20"
 },
 "Ann17":{
  "Gender":"Female",
  "Age":"44"
 },
 "Ann18":{
  "Gender":"Male",
  "Age":"35"
 },
 "Ann19":{
  "Gender":"Female",
  "Age":"33"
 },
 "Ann20":{
  "Gender":"Male",
  "Age":"60"
 },
 "Ann21":{
  "Gender":"Male",
  "Age":"26"
 },
 "Ann22":{
  "Gender":"Male",
  "Age":"31"
 },
 "Ann23":{
  "Gender":"Male",
  "Age":"37"
 },
 "Ann24":{
  "Gender":"Female",
  "Age":"32"
 },
 "Ann25":{
  "Gender":"Male",
  "Age":"22"
 },
 "Ann26":{
  "Gender":"Male",
  "Age":"48"
 },
 "Ann27":{
  "Gender":"Male",
  "Age":"21"
 },
 "Ann28":{
  "Gender":"Male",
  "Age":"47"
 },
 "Ann29":{
  "Gender":"Male",
  "Age":"31"
 },
 "Ann30":{
  "Gender":"Female",
  "Age":"31"
 },
 "Ann31":{
  "Gender":"Male",
  "Age":"24"
 },
 "Ann32":{
  "Gender":"Male",
  "Age":"23"
 },
 "Ann33":{
  "Gender":"Male",
  "Age":"59"
 },
 "Ann34":{
  "Gender":"Male",
  "Age":"38"
 },
 "Ann35":{
  "Gender":"Female",
  "Age":"23"
 },
 "Ann36":{
  "Gender":"Male",
  "Age":"43"
 },
 "Ann37":{
  "Gender":"Female",
  "Age":"38"
 },
 "Ann38":{
  "Gender":"Male",
  "Age":"72"
 },
 "Ann39":{
  "Gender":"Female",
  "Age":"24"
 },
 "Ann40":{
  "Gender":"Female",
  "Age":"50"
 },
 "Ann41":{
  "Gender":"Male",
  "Age":"49"
 },
 "Ann42":{
  "Gender":"Male",
  "Age":"39"
 },
 "Ann43":{
  "Gender":"Female",
  "Age":"55"
 },
 "Ann44":{
  "Gender":"Female",
  "Age":"34"
 },
 "Ann45":{
  "Gender":"Male",
  "Age":"33"
 },
 "Ann46":{
  "Gender":"Female",
  "Age":"30"
 },
 "Ann47":{
  "Gender":"Female",
  "Age":"37"
 },
 "Ann48":{
  "Gender":"Male",
  "Age":"21"
 },
 "Ann49":{
  "Gender":"Male",
  "Age":"22"
 },
 "Ann50":{
  "Gender":"Male",
  "Age":"23"
 },
 "Ann51":{
  "Gender":"Male",
  "Age":"25"
 },
 "Ann52":{
  "Gender":"Female",
  "Age":"37"
 },
 "Ann53":{
  "Gender":"Female",
  "Age":"54"
 },
 "Ann54":{
  "Gender":"Female",
  "Age":"24"
 },
 "Ann55":{
  "Gender":"Male",
  "Age":"27"
 },
 "Ann56":{
  "Gender":"Female",
  "Age":"30"
 },
 "Ann57":{
  "Gender":"Female",
  "Age":"33"
 },
 "Ann58":{
  "Gender":"Male",
  "Age":"36"
 },
 "Ann59":{
  "Gender":"Female",
  "Age":"34"
 },
 "Ann60":{
  "Gender":"Male",
  "Age":"28"
 },
 "Ann61":{
  "Gender":"Female",
  "Age":"45"
 },
 "Ann62":{
  "Gender":"Female",
  "Age":"21"
 },
 "Ann63":{
  "Gender":"Female",
  "Age":"37"
 },
 "Ann64":{
  "Gender":"Male",
  "Age":"29"
 },
 "Ann65":{
  "Gender":"Male",
  "Age":"31"
 },
 "Ann66":{
  "Gender":"Female",
  "Age":"26"
 },
 "Ann67":{
  "Gender":"Female",
  "Age":"26"
 },
 "Ann68":{
  "Gender":"Male",
  "Age":"23"
 },
 "Ann69":{
  "Gender":"Male",
  "Age":"36"
 },
 "Ann70":{
  "Gender":"Female",
  "Age":"41"
 },
 "Ann71":{
  "Gender":"Female",
  "Age":"35"
 },
 "Ann72":{
  "Gender":"Female",
  "Age":"44"
 },
 "Ann73":{
  "Gender":"DATA_EXPIRED",
  "Age":"DATA_EXPIRED"
 },
 "Ann74":{
  "Gender":"Female",
  "Age":"22"
 },
 "Ann75":{
  "Gender":"Female",
  "Age":"26"
 },
 "Ann76":{
  "Gender":"Male",
  "Age":"24"
 },
 "Ann77":{
  "Gender":"Male",
  "Age":"29"
 },
 "Ann78":{
  "Gender":"Female",
  "Age":"22"
 },
 "Ann79":{
  "Gender":"Female",
  "Age":"28"
 },
 "Ann80":{
  "Gender":"Female",
  "Age":"33"
 },
 "Ann81":{
  "Gender":"Male",
  "Age":"37"
 },
 "Ann82":{
  "Gender":"Female",
  "Age":"45"
 },
 "Ann83":{
  "Gender":"Male",
  "Age":"39"
 },
 "Ann84":{
  "Gender":"Female",
  "Age":"21"
 },
 "Ann85":{
  "Gender":"Male",
  "Age":"62"
 },
 "Ann86":{
  "Gender":"Male",
  "Age":"43"
 },
 "Ann87":{
  "Gender":"Male",
  "Age":"29"
 },
 "Ann88":{
  "Gender":"Male",
  "Age":"30"
 },
 "Ann89":{
  "Gender":"Male",
  "Age":"44"
 },
 "Ann90":{
  "Gender":"Female",
  "Age":"34"
 },
 "Ann91":{
  "Gender":"Female",
  "Age":"48"
 },
 "Ann92":{
  "Gender":"Female",
  "Age":"34"
 },
 "Ann93":{
  "Gender":"Male",
  "Age":"36"
 },
 "Ann94":{
  "Gender":"DATA_EXPIRED",
  "Age":"DATA_EXPIRED"
 },
 "Ann95":{
  "Gender":"Female",
  "Age":"39"
 },
 "Ann96":{
  "Gender":"Male",
  "Age":"28"
 },
 "Ann97":{
  "Gender":"Female",
  "Age":"28"
 },
 "Ann98":{
  "Gender":"Male",
  "Age":"25"
 },
 "Ann99":{
  "Gender":"Male",
  "Age":"26"
 },
 "Ann100":{
  "Gender":"Male",
  "Age":"34"
 },
 "Ann101":{
  "Gender":"Female",
  "Age":"32"
 },
 "Ann102":{
  "Gender":"Female",
  "Age":"46"
 },
 "Ann103":{
  "Gender":"Female",
  "Age":"39"
 },
 "Ann104":{
  "Gender":"Female",
  "Age":"50"
 },
 "Ann105":{
  "Gender":"Female",
  "Age":"42"
 },
 "Ann106":{
  "Gender":"Male",
  "Age":"22"
 },
 "Ann107":{
  "Gender":"Female",
  "Age":"59"
 },
 "Ann108":{
  "Gender":"Male",
  "Age":"50"
 },
 "Ann109":{
  "Gender":"Male",
  "Age":"31"
 },
 "Ann110":{
  "Gender":"Female",
  "Age":"33"
 },
 "Ann111":{
  "Gender":"Male",
  "Age":"26"
 },
 "Ann112":{
  "Gender":"Female",
  "Age":"68"
 },
 "Ann113":{
  "Gender":"Female",
  "Age":"42"
 },
 "Ann114":{
  "Gender":"Female",
  "Age":"52"
 },
 "Ann115":{
  "Gender":"Male",
  "Age":"22"
 },
 "Ann116":{
  "Gender":"Female",
  "Age":"26"
 },
 "Ann117":{
  "Gender":"Male",
  "Age":"39"
 },
 "Ann118":{
  "Gender":"Male",
  "Age":"23"
 },
 "Ann119":{
  "Gender":"Female",
  "Age":"25"
 },
 "Ann120":{
  "Gender":"Female",
  "Age":"32"
 },
 "Ann121":{
  "Gender":"Female",
  "Age":"39"
 },
 "Ann122":{
  "Gender":"Male",
  "Age":"49"
 },
 "Ann123":{
  "Gender":"Female",
  "Age":"33"
 },
 "Ann124":{
  "Gender":"DATA_EXPIRED",
  "Age":"DATA_EXPIRED"
 },
 "Ann125":{
  "Gender":"Male",
  "Age":"27"
 },
 "Ann126":{
  "Gender":"Male",
  "Age":"26"
 },
 "Ann127":{
  "Gender":"DATA_EXPIRED",
  "Age":"DATA_EXPIRED"
 },
 "Ann128":{
  "Gender":"Female",
  "Age":"43"
 },
 "Ann129":{
  "Gender":"Female",
  "Age":"33"
 },
 "Ann130":{
  "Gender":"Male",
  "Age":"28"
 },
 "Ann131":{
  "Gender":"Female",
  "Age":"43"
 },
 "Ann132":{
  "Gender":"Female",
  "Age":"27"
 },
 "Ann133":{
  "Gender":"Male",
  "Age":"40"
 },
 "Ann134":{
  "Gender":"Male",
  "Age":"29"
 },
 "Ann135":{
  "Gender":"Male",
  "Age":"40"
 },
 "Ann136":{
  "Gender":"Female",
  "Age":"26"
 },
 "Ann137":{
  "Gender":"Male",
  "Age":"22"
 },
 "Ann138":{
  "Gender":"Male",
  "Age":"86"
 },
 "Ann139":{
  "Gender":"Female",
  "Age":"30"
 },
 "Ann140":{
  "Gender":"Male",
  "Age":"37"
 },
 "Ann141":{
  "Gender":"Male",
  "Age":"40"
 },
 "Ann142":{
  "Gender":"Male",
  "Age":"24"
 },
 "Ann143":{
  "Gender":"Male",
  "Age":"33"
 },
 "Ann144":{
  "Gender":"Female",
  "Age":"26"
 },
 "Ann145":{
  "Gender":"Female",
  "Age":"47"
 },
 "Ann146":{
  "Gender":"Male",
  "Age":"32"
 },
 "Ann147":{
  "Gender":"Female",
  "Age":"33"
 },
 "Ann148":{
  "Gender":"Female",
  "Age":"35"
 },
 "Ann149":{
  "Gender":"Female",
  "Age":"29"
 },
 "Ann150":{
  "Gender":"Male",
  "Age":"42"
 },
 "Ann151":{
  "Gender":"Male",
  "Age":"33"
 },
 "Ann152":{
  "Gender":"Female",
  "Age":"28"
 },
 "Ann153":{
  "Gender":"Male",
  "Age":"24"
 },
 "Ann154":{
  "Gender":"Female",
  "Age":"24"
 },
 "Ann155":{
  "Gender":"Female",
  "Age":"36"
 },
 "Ann156":{
  "Gender":"Female",
  "Age":"52"
 },
 "Ann157":{
  "Gender":"Male",
  "Age":"48"
 },
 "Ann158":{
  "Gender":"Female",
  "Age":"56"
 },
 "Ann159":{
  "Gender":"Female",
  "Age":"25"
 },
 "Ann160":{
  "Gender":"Female",
  "Age":"25"
 },
 "Ann161":{
  "Gender":"Male",
  "Age":"41"
 },
 "Ann162":{
  "Gender":"Male",
  "Age":"40"
 },
 "Ann163":{
  "Gender":"Male",
  "Age":"36"
 },
 "Ann164":{
  "Gender":"Male",
  "Age":"25"
 },
 "Ann165":{
  "Gender":"Female",
  "Age":"44"
 },
 "Ann166":{
  "Gender":"Male",
  "Age":"51"
 },
 "Ann167":{
  "Gender":"Female",
  "Age":"22"
 },
 "Ann168":{
  "Gender":"Male",
  "Age":"63"
 },
 "Ann169":{
  "Gender":"Male",
  "Age":"29"
 },
 "Ann170":{
  "Gender":"Male",
  "Age":"25"
 },
 "Ann171":{
  "Gender":"Male",
  "Age":"44"
 },
 "Ann172":{
  "Gender":"Female",
  "Age":"69"
 },
 "Ann173":{
  "Gender":"Female",
  "Age":"39"
 },
 "Ann174":{
  "Gender":"Male",
  "Age":"54"
 },
 "Ann175":{
  "Gender":"Female",
  "Age":"35"
 },
 "Ann176":{
  "Gender":"Female",
  "Age":"28"
 },
 "Ann177":{
  "Gender":"Male",
  "Age":"26"
 },
 "Ann178":{
  "Gender":"Male",
  "Age":"24"
 },
 "Ann179":{
  "Gender":"Female",
  "Age":"30"
 },
 "Ann180":{
  "Gender":"Male",
  "Age":"69"
 },
 "Ann181":{
  "Gender":"Male",
  "Age":"39"
 },
 "Ann182":{
  "Gender":"Female",
  "Age":"23"
 },
 "Ann183":{
  "Gender":"Male",
  "Age":"43"
 },
 "Ann184":{
  "Gender":"Female",
  "Age":"31"
 },
 "Ann185":{
  "Gender":"Male",
  "Age":"24"
 },
 "Ann186":{
  "Gender":"Female",
  "Age":"40"
 },
 "Ann187":{
  "Gender":"Male",
  "Age":"27"
 },
 "Ann188":{
  "Gender":"Female",
  "Age":"37"
 },
 "Ann189":{
  "Gender":"Male",
  "Age":"30"
 },
 "Ann190":{
  "Gender":"Male",
  "Age":"23"
 },
 "Ann191":{
  "Gender":"Male",
  "Age":"34"
 },
 "Ann192":{
  "Gender":"Male",
  "Age":"24"
 },
 "Ann193":{
  "Gender":"Female",
  "Age":"25"
 },
 "Ann194":{
  "Gender":"Female",
  "Age":"25"
 },
 "Ann195":{
  "Gender":"Male",
  "Age":"22"
 },
 "Ann196":{
  "Gender":"Female",
  "Age":"25"
 },
 "Ann197":{
  "Gender":"Female",
  "Age":"29"
 },
 "Ann198":{
  "Gender":"Female",
  "Age":"32"
 },
 "Ann199":{
  "Gender":"Female",
  "Age":"55"
 },
 "Ann200":{
  "Gender":"Male",
  "Age":"35"
 },
 "Ann201":{
  "Gender":"Female",
  "Age":"31"
 },
 "Ann202":{
  "Gender":"Male",
  "Age":"35"
 },
 "Ann203":{
  "Gender":"Female",
  "Age":"38"
 },
 "Ann204":{
  "Gender":"Female",
  "Age":"28"
 },
 "Ann205":{
  "Gender":"Male",
  "Age":"29"
 },
 "Ann206":{
  "Gender":"Female",
  "Age":"23"
 },
 "Ann207":{
  "Gender":"Male",
  "Age":"27"
 },
 "Ann208":{
  "Gender":"Male",
  "Age":"31"
 },
 "Ann209":{
  "Gender":"Female",
  "Age":"29"
 },
 "Ann210":{
  "Gender":"Female",
  "Age":"35"
 },
 "Ann211":{
  "Gender":"Female",
  "Age":"37"
 },
 "Ann212":{
  "Gender":"Male",
  "Age":"33"
 },
 "Ann213":{
  "Gender":"Female",
  "Age":"45"
 },
 "Ann214":{
  "Gender":"Female",
  "Age":"35"
 },
 "Ann215":{
  "Gender":"Male",
  "Age":"28"
 },
 "Ann216":{
  "Gender":"Male",
  "Age":"41"
 },
 "Ann217":{
  "Gender":"Female",
  "Age":"45"
 },
 "Ann218":{
  "Gender":"Female",
  "Age":"31"
 },
 "Ann219":{
  "Gender":"nan",
  "Age":"nan"
 },
 "Ann220":{
  "Gender":"Male",
  "Age":"28"
 },
 "Ann221":{
  "Gender":"Male",
  "Age":"42"
 },
 "Ann222":{
  "Gender":"Female",
  "Age":"39"
 },
 "Ann223":{
  "Gender":"Male",
  "Age":"48"
 },
 "Ann224":{
  "Gender":"Female",
  "Age":"50"
 },
 "Ann225":{
  "Gender":"Female",
  "Age":"28"
 },
 "Ann226":{
  "Gender":"Male",
  "Age":"30"
 },
 "Ann227":{
  "Gender":"Male",
  "Age":"35"
 },
 "Ann228":{
  "Gender":"Male",
  "Age":"25"
 },
 "Ann229":{
  "Gender":"Male",
  "Age":"46"
 },
 "Ann230":{
  "Gender":"Female",
  "Age":"38"
 },
 "Ann231":{
  "Gender":"Female",
  "Age":"28"
 },
 "Ann232":{
  "Gender":"Male",
  "Age":"63"
 },
 "Ann233":{
  "Gender":"Female",
  "Age":"41"
 },
 "Ann234":{
  "Gender":"Male",
  "Age":"39"
 },
 "Ann235":{
  "Gender":"Male",
  "Age":"24"
 },
 "Ann236":{
  "Gender":"Male",
  "Age":"47"
 },
 "Ann237":{
  "Gender":"Female",
  "Age":"57"
 },
 "Ann238":{
  "Gender":"DATA_EXPIRED",
  "Age":"DATA_EXPIRED"
 },
 "Ann239":{
  "Gender":"Female",
  "Age":"55"
 },
 "Ann240":{
  "Gender":"Female",
  "Age":"50"
 },
 "Ann241":{
  "Gender":"Female",
  "Age":"32"
 },
 "Ann242":{
  "Gender":"Male",
  "Age":"36"
 },
 "Ann243":{
  "Gender":"Male",
  "Age":"37"
 },
 "Ann244":{
  "Gender":"Male",
  "Age":"31"
 },
 "Ann245":{
  "Gender":"Male",
  "Age":"28"
 },
 "Ann246":{
  "Gender":"Male",
  "Age":"50"
 },
 "Ann247":{
  "Gender":"Male",
  "Age":"26"
 },
 "Ann248":{
  "Gender":"Male",
  "Age":"28"
 },
 "Ann249":{
  "Gender":"Male",
  "Age":"21"
 },
 "Ann250":{
  "Gender":"Female",
  "Age":"28"
 },
 "Ann251":{
  "Gender":"Female",
  "Age":"51"
 },
 "Ann252":{
  "Gender":"Female",
  "Age":"38"
 },
 "Ann253":{
  "Gender":"Male",
  "Age":"39"
 },
 "Ann254":{
  "Gender":"Female",
  "Age":"29"
 },
 "Ann255":{
  "Gender":"Female",
  "Age":"54"
 },
 "Ann256":{
  "Gender":"Male",
  "Age":"39"
 },
 "Ann257":{
  "Gender":"Female",
  "Age":"23"
 },
 "Ann258":{
  "Gender":"Female",
  "Age":"25"
 },
 "Ann259":{
  "Gender":"Male",
  "Age":"65"
 },
 "Ann260":{
  "Gender":"Female",
  "Age":"42"
 },
 "Ann261":{
  "Gender":"Female",
  "Age":"44"
 },
 "Ann262":{
  "Gender":"Female",
  "Age":"39"
 },
 "Ann263":{
  "Gender":"Male",
  "Age":"33"
 },
 "Ann264":{
  "Gender":"Female",
  "Age":"22"
 },
 "Ann265":{
  "Gender":"Male",
  "Age":"25"
 },
 "Ann266":{
  "Gender":"Female",
  "Age":"27"
 },
 "Ann267":{
  "Gender":"Male",
  "Age":"23"
 },
 "Ann268":{
  "Gender":"Male",
  "Age":"22"
 },
 "Ann269":{
  "Gender":"Male",
  "Age":"56"
 },
 "Ann270":{
  "Gender":"Male",
  "Age":"34"
 },
 "Ann271":{
  "Gender":"Female",
  "Age":"37"
 },
 "Ann272":{
  "Gender":"Male",
  "Age":"46"
 },
 "Ann273":{
  "Gender":"Female",
  "Age":"41"
 },
 "Ann274":{
  "Gender":"Female",
  "Age":"27"
 },
 "Ann275":{
  "Gender":"Male",
  "Age":"28"
 },
 "Ann276":{
  "Gender":"Male",
  "Age":"25"
 },
 "Ann277":{
  "Gender":"Female",
  "Age":"24"
 },
 "Ann278":{
  "Gender":"Female",
  "Age":"28"
 },
 "Ann279":{
  "Gender":"Male",
  "Age":"50"
 },
 "Ann280":{
  "Gender":"Female",
  "Age":"29"
 },
 "Ann281":{
  "Gender":"Male",
  "Age":"34"
 },
 "Ann282":{
  "Gender":"Male",
  "Age":"40"
 },
 "Ann283":{
  "Gender":"Male",
  "Age":"47"
 },
 "Ann284":{
  "Gender":"Female",
  "Age":"55"
 },
 "Ann285":{
  "Gender":"Male",
  "Age":"28"
 },
 "Ann286":{
  "Gender":"Male",
  "Age":"46"
 },
 "Ann287":{
  "Gender":"Male",
  "Age":"47"
 },
 "Ann288":{
  "Gender":"Female",
  "Age":"26"
 },
 "Ann289":{
  "Gender":"Male",
  "Age":"39"
 },
 "Ann290":{
  "Gender":"Female",
  "Age":"33"
 },
 "Ann291":{
  "Gender":"Male",
  "Age":"33"
 },
 "Ann292":{
  "Gender":"Female",
  "Age":"37"
 },
 "Ann293":{
  "Gender":"Female",
  "Age":"28"
 },
 "Ann294":{
  "Gender":"Male",
  "Age":"39"
 },
 "Ann295":{
  "Gender":"Female",
  "Age":"38"
 },
 "Ann296":{
  "Gender":"Female",
  "Age":"22"
 },
 "Ann297":{
  "Gender":"Male",
  "Age":"55"
 },
 "Ann298":{
  "Gender":"Male",
  "Age":"33"
 },
 "Ann299":{
  "Gender":"Male",
  "Age":"44"
 },
 "Ann300":{
  "Gender":"Female",
  "Age":"36"
 },
 "Ann301":{
  "Gender":"Male",
  "Age":"64"
 },
 "Ann302":{
  "Gender":"Female",
  "Age":"40"
 },
 "Ann303":{
  "Gender":"Female",
  "Age":"49"
 },
 "Ann304":{
  "Gender":"Male",
  "Age":"40"
 },
 "Ann305":{
  "Gender":"Male",
  "Age":"65"
 },
 "Ann306":{
  "Gender":"Male",
  "Age":"55"
 },
 "Ann307":{
  "Gender":"Female",
  "Age":"26"
 },
 "Ann308":{
  "Gender":"Male",
  "Age":"27"
 },
 "Ann309":{
  "Gender":"Female",
  "Age":"24"
 },
 "Ann310":{
  "Gender":"Male",
  "Age":"34"
 },
 "Ann311":{
  "Gender":"Male",
  "Age":"22"
 },
 "Ann312":{
  "Gender":"Female",
  "Age":"41"
 },
 "Ann313":{
  "Gender":"Female",
  "Age":"39"
 },
 "Ann314":{
  "Gender":"Male",
  "Age":"23"
 },
 "Ann315":{
  "Gender":"Female",
  "Age":"29"
 },
 "Ann316":{
  "Gender":"Female",
  "Age":"28"
 },
 "Ann317":{
  "Gender":"Male",
  "Age":"32"
 },
 "Ann318":{
  "Gender":"Male",
  "Age":"33"
 },
 "Ann319":{
  "Gender":"Male",
  "Age":"55"
 },
 "Ann320":{
  "Gender":"Female",
  "Age":"28"
 },
 "Ann321":{
  "Gender":"Female",
  "Age":"29"
 },
 "Ann322":{
  "Gender":"Female",
  "Age":"24"
 },
 "Ann323":{
  "Gender":"Male",
  "Age":"36"
 },
 "Ann324":{
  "Gender":"Male",
  "Age":"47"
 },
 "Ann325":{
  "Gender":"Female",
  "Age":"38"
 },
 "Ann326":{
  "Gender":"Male",
  "Age":"38"
 },
 "Ann327":{
  "Gender":"Female",
  "Age":"57"
 },
 "Ann328":{
  "Gender":"Female",
  "Age":"37"
 },
 "Ann329":{
  "Gender":"Male",
  "Age":"57"
 },
 "Ann330":{
  "Gender":"Female",
  "Age":"23"
 },
 "Ann331":{
  "Gender":"Female",
  "Age":"31"
 },
 "Ann332":{
  "Gender":"Male",
  "Age":"24"
 },
 "Ann333":{
  "Gender":"Female",
  "Age":"33"
 },
 "Ann334":{
  "Gender":"Male",
  "Age":"38"
 },
 "Ann335":{
  "Gender":"Male",
  "Age":"44"
 },
 "Ann336":{
  "Gender":"Female",
  "Age":"24"
 },
 "Ann337":{
  "Gender":"Female",
  "Age":"20"
 },
 "Ann338":{
  "Gender":"Female",
  "Age":"22"
 },
 "Ann339":{
  "Gender":"Male",
  "Age":"21"
 },
 "Ann340":{
  "Gender":"Male",
  "Age":"37"
 },
 "Ann341":{
  "Gender":"Female",
  "Age":"40"
 },
 "Ann342":{
  "Gender":"Male",
  "Age":"36"
 },
 "Ann343":{
  "Gender":"Male",
  "Age":"20"
 },
 "Ann344":{
  "Gender":"nan",
  "Age":"nan"
 },
 "Ann345":{
  "Gender":"Female",
  "Age":"32"
 },
 "Ann346":{
  "Gender":"Female",
  "Age":"28"
 },
 "Ann347":{
  "Gender":"Female",
  "Age":"48"
 },
 "Ann348":{
  "Gender":"Female",
  "Age":"61"
 },
 "Ann349":{
  "Gender":"Female",
  "Age":"27"
 },
 "Ann350":{
  "Gender":"Male",
  "Age":"30"
 },
 "Ann351":{
  "Gender":"Female",
  "Age":"20"
 },
 "Ann352":{
  "Gender":"Male",
  "Age":"39"
 },
 "Ann353":{
  "Gender":"Male",
  "Age":"31"
 },
 "Ann354":{
  "Gender":"Male",
  "Age":"20"
 },
 "Ann355":{
  "Gender":"Male",
  "Age":"44"
 },
 "Ann356":{
  "Gender":"Female",
  "Age":"62"
 },
 "Ann357":{
  "Gender":"Male",
  "Age":"34"
 },
 "Ann358":{
  "Gender":"Male",
  "Age":"55"
 },
 "Ann359":{
  "Gender":"Male",
  "Age":"31"
 },
 "Ann360":{
  "Gender":"Female",
  "Age":"50"
 },
 "Ann361":{
  "Gender":"Male",
  "Age":"29"
 },
 "Ann362":{
  "Gender":"Male",
  "Age":"27"
 },
 "Ann363":{
  "Gender":"Female",
  "Age":"55"
 },
 "Ann364":{
  "Gender":"Male",
  "Age":"61"
 },
 "Ann365":{
  "Gender":"Female",
  "Age":"39"
 },
 "Ann366":{
  "Gender":"Female",
  "Age":"70"
 },
 "Ann367":{
  "Gender":"Male",
  "Age":"29"
 },
 "Ann368":{
  "Gender":"Male",
  "Age":"24"
 },
 "Ann369":{
  "Gender":"Male",
  "Age":"18"
 },
 "Ann370":{
  "Gender":"Female",
  "Age":"37"
 },
 "Ann371":{
  "Gender":"Female",
  "Age":"35"
 },
 "Ann372":{
  "Gender":"Female",
  "Age":"31"
 },
 "Ann373":{
  "Gender":"Male",
  "Age":"40"
 },
 "Ann374":{
  "Gender":"Male",
  "Age":"26"
 },
 "Ann375":{
  "Gender":"Male",
  "Age":"27"
 },
 "Ann376":{
  "Gender":"Male",
  "Age":"24"
 },
 "Ann377":{
  "Gender":"Female",
  "Age":"20"
 },
 "Ann378":{
  "Gender":"Male",
  "Age":"19"
 },
 "Ann379":{
  "Gender":"Female",
  "Age":"49"
 },
 "Ann380":{
  "Gender":"Female",
  "Age":"32"
 },
 "Ann381":{
  "Gender":"Male",
  "Age":"25"
 },
 "Ann382":{
  "Gender":"Male",
  "Age":"32"
 },
 "Ann383":{
  "Gender":"Female",
  "Age":"42"
 },
 "Ann384":{
  "Gender":"Male",
  "Age":"39"
 },
 "Ann385":{
  "Gender":"Female",
  "Age":"23"
 },
 "Ann386":{
  "Gender":"Male",
  "Age":"33"
 },
 "Ann387":{
  "Gender":"Female",
  "Age":"35"
 },
 "Ann388":{
  "Gender":"Female",
  "Age":"34"
 },
 "Ann389":{
  "Gender":"Male",
  "Age":"29"
 },
 "Ann390":{
  "Gender":"Male",
  "Age":"33"
 },
 "Ann391":{
  "Gender":"Male",
  "Age":"47"
 },
 "Ann392":{
  "Gender":"Male",
  "Age":"22"
 },
 "Ann393":{
  "Gender":"Female",
  "Age":"40"
 },
 "Ann394":{
  "Gender":"Female",
  "Age":"71"
 },
 "Ann395":{
  "Gender":"Female",
  "Age":"34"
 },
 "Ann396":{
  "Gender":"Male",
  "Age":"44"
 },
 "Ann397":{
  "Gender":"Female",
  "Age":"30"
 },
 "Ann398":{
  "Gender":"Male",
  "Age":"40"
 },
 "Ann399":{
  "Gender":"Male",
  "Age":"46"
 },
 "Ann400":{
  "Gender":"Male",
  "Age":"54"
 },
 "Ann401":{
  "Gender":"Female",
  "Age":"35"
 },
 "Ann402":{
  "Gender":"Male",
  "Age":"28"
 },
 "Ann403":{
  "Gender":"Male",
  "Age":"32"
 },
 "Ann404":{
  "Gender":"Female",
  "Age":"42"
 },
 "Ann405":{
  "Gender":"Male",
  "Age":"54"
 },
 "Ann406":{
  "Gender":"Female",
  "Age":"26"
 },
 "Ann407":{
  "Gender":"Female",
  "Age":"50"
 },
 "Ann408":{
  "Gender":"Male",
  "Age":"35"
 },
 "Ann409":{
  "Gender":"Female",
  "Age":"22"
 },
 "Ann410":{
  "Gender":"Female",
  "Age":"33"
 },
 "Ann411":{
  "Gender":"Female",
  "Age":"46"
 },
 "Ann412":{
  "Gender":"Female",
  "Age":"25"
 },
 "Ann413":{
  "Gender":"Male",
  "Age":"27"
 },
 "Ann414":{
  "Gender":"Male",
  "Age":"39"
 },
 "Ann415":{
  "Gender":"Female",
  "Age":"30"
 },
 "Ann416":{
  "Gender":"Female",
  "Age":"28"
 },
 "Ann417":{
  "Gender":"Female",
  "Age":"31"
 },
 "Ann418":{
  "Gender":"Male",
  "Age":"22"
 },
 "Ann419":{
  "Gender":"Female",
  "Age":"59"
 },
 "Ann420":{
  "Gender":"Male",
  "Age":"47"
 },
 "Ann421":{
  "Gender":"Female",
  "Age":"27"
 },
 "Ann422":{
  "Gender":"Female",
  "Age":"55"
 },
 "Ann423":{
  "Gender":"Male",
  "Age":"34"
 },
 "Ann424":{
  "Gender":"Female",
  "Age":"21"
 },
 "Ann425":{
  "Gender":"Female",
  "Age":"32"
 },
 "Ann426":{
  "Gender":"Male",
  "Age":"43"
 },
 "Ann427":{
  "Gender":"Female",
  "Age":"45"
 },
 "Ann428":{
  "Gender":"Female",
  "Age":"22"
 },
 "Ann429":{
  "Gender":"Male",
  "Age":"25"
 },
 "Ann430":{
  "Gender":"Female",
  "Age":"24"
 },
 "Ann431":{
  "Gender":"Male",
  "Age":"35"
 },
 "Ann432":{
  "Gender":"Female",
  "Age":"30"
 },
 "Ann433":{
  "Gender":"Female",
  "Age":"26"
 },
 "Ann434":{
  "Gender":"Male",
  "Age":"35"
 },
 "Ann435":{
  "Gender":"Male",
  "Age":"29"
 },
 "Ann436":{
  "Gender":"Female",
  "Age":"23"
 },
 "Ann437":{
  "Gender":"Female",
  "Age":"47"
 },
 "Ann438":{
  "Gender":"Male",
  "Age":"31"
 },
 "Ann439":{
  "Gender":"Male",
  "Age":"41"
 },
 "Ann440":{
  "Gender":"Female",
  "Age":"26"
 },
 "Ann441":{
  "Gender":"Female",
  "Age":"75"
 },
 "Ann442":{
  "Gender":"Male",
  "Age":"37"
 },
 "Ann443":{
  "Gender":"Male",
  "Age":"64"
 },
 "Ann444":{
  "Gender":"Male",
  "Age":"37"
 },
 "Ann445":{
  "Gender":"nan",
  "Age":"nan"
 },
 "Ann446":{
  "Gender":"Female",
  "Age":"25"
 },
 "Ann447":{
  "Gender":"Female",
  "Age":"37"
 },
 "Ann448":{
  "Gender":"Female",
  "Age":"59"
 },
 "Ann449":{
  "Gender":"Male",
  "Age":"34"
 },
 "Ann450":{
  "Gender":"Male",
  "Age":"29"
 },
 "Ann451":{
  "Gender":"Female",
  "Age":"67"
 },
 "Ann452":{
  "Gender":"Male",
  "Age":"21"
 },
 "Ann453":{
  "Gender":"Male",
  "Age":"48"
 },
 "Ann454":{
  "Gender":"Male",
  "Age":"49"
 },
 "Ann455":{
  "Gender":"Male",
  "Age":"55"
 },
 "Ann456":{
  "Gender":"Female",
  "Age":"22"
 },
 "Ann457":{
  "Gender":"Female",
  "Age":"28"
 },
 "Ann458":{
  "Gender":"Male",
  "Age":"36"
 },
 "Ann459":{
  "Gender":"Male",
  "Age":"49"
 },
 "Ann460":{
  "Gender":"Female",
  "Age":"30"
 },
 "Ann461":{
  "Gender":"Female",
  "Age":"59"
 },
 "Ann462":{
  "Gender":"Female",
  "Age":"26"
 },
 "Ann463":{
  "Gender":"Female",
  "Age":"22"
 },
 "Ann464":{
  "Gender":"Female",
  "Age":"40"
 },
 "Ann465":{
  "Gender":"CONSENT_REVOKED",
  "Age":"CONSENT_REVOKED"
 },
 "Ann466":{
  "Gender":"Male",
  "Age":"24"
 },
 "Ann467":{
  "Gender":"Male",
  "Age":"44"
 },
 "Ann468":{
  "Gender":"Male",
  "Age":"39"
 },
 "Ann469":{
  "Gender":"Female",
  "Age":"43"
 },
 "Ann470":{
  "Gender":"Female",
  "Age":"51"
 },
 "Ann471":{
  "Gender":"Male",
  "Age":"39"
 },
 "Ann472":{
  "Gender":"Female",
  "Age":"53"
 },
 "Ann473":{
  "Gender":"Male",
  "Age":"31"
 },
 "Ann474":{
  "Gender":"Male",
  "Age":"54"
 },
 "Ann475":{
  "Gender":"Male",
  "Age":"30"
 },
 "Ann476":{
  "Gender":"Male",
  "Age":"33"
 },
 "Ann477":{
  "Gender":"nan",
  "Age":"nan"
 },
 "Ann478":{
  "Gender":"Female",
  "Age":"30"
 },
 "Ann479":{
  "Gender":"Female",
  "Age":"43"
 },
 "Ann480":{
  "Gender":"Male",
  "Age":"29"
 },
 "Ann481":{
  "Gender":"Female",
  "Age":"21"
 },
 "Ann482":{
  "Gender":"Male",
  "Age":"51"
 },
 "Ann483":{
  "Gender":"Male",
  "Age":"67"
 },
 "Ann484":{
  "Gender":"Male",
  "Age":"32"
 },
 "Ann485":{
  "Gender":"Female",
  "Age":"40"
 },
 "Ann486":{
  "Gender":"nan",
  "Age":"nan"
 },
 "Ann487":{
  "Gender":"Female",
  "Age":"25"
 },
 "Ann488":{
  "Gender":"nan",
  "Age":"nan"
 },
 "Ann489":{
  "Gender":"Female",
  "Age":"35"
 },
 "Ann490":{
  "Gender":"Female",
  "Age":"43"
 },
 "Ann491":{
  "Gender":"Male",
  "Age":"27"
 },
 "Ann492":{
  "Gender":"Male",
  "Age":"25"
 },
 "Ann493":{
  "Gender":"Female",
  "Age":"22"
 },
 "Ann494":{
  "Gender":"Male",
  "Age":"76"
 },
 "Ann495":{
  "Gender":"Male",
  "Age":"44"
 },
 "Ann496":{
  "Gender":"Male",
  "Age":"22"
 },
 "Ann497":{
  "Gender":"Male",
  "Age":"20"
 },
 "Ann498":{
  "Gender":"Female",
  "Age":"42"
 },
 "Ann499":{
  "Gender":"Male",
  "Age":"51"
 },
 "Ann500":{
  "Gender":"Female",
  "Age":"40"
 },
 "Ann501":{
  "Gender":"Male",
  "Age":"26"
 },
 "Ann502":{
  "Gender":"Female",
  "Age":"20"
 },
 "Ann503":{
  "Gender":"Female",
  "Age":"38"
 },
 "Ann504":{
  "Gender":"Female",
  "Age":"26"
 },
 "Ann505":{
  "Gender":"Male",
  "Age":"57"
 },
 "Ann506":{
  "Gender":"Female",
  "Age":"39"
 },
 "Ann507":{
  "Gender":"Female",
  "Age":"27"
 },
 "Ann508":{
  "Gender":"Male",
  "Age":"40"
 },
 "Ann509":{
  "Gender":"Male",
  "Age":"47"
 },
 "Ann510":{
  "Gender":"Male",
  "Age":"23"
 },
 "Ann511":{
  "Gender":"Male",
  "Age":"43"
 },
 "Ann512":{
  "Gender":"Female",
  "Age":"45"
 },
 "Ann513":{
  "Gender":"Female",
  "Age":"46"
 },
 "Ann514":{
  "Gender":"Male",
  "Age":"54"
 },
 "Ann515":{
  "Gender":"Female",
  "Age":"26"
 },
 "Ann516":{
  "Gender":"Male",
  "Age":"41"
 },
 "Ann517":{
  "Gender":"Male",
  "Age":"36"
 },
 "Ann518":{
  "Gender":"Female",
  "Age":"54"
 },
 "Ann519":{
  "Gender":"Female",
  "Age":"45"
 },
 "Ann520":{
  "Gender":"Female",
  "Age":"22"
 },
 "Ann521":{
  "Gender":"Female",
  "Age":"44"
 },
 "Ann522":{
  "Gender":"Female",
  "Age":"49"
 },
 "Ann523":{
  "Gender":"Male",
  "Age":"54"
 },
 "Ann524":{
  "Gender":"Male",
  "Age":"53"
 },
 "Ann525":{
  "Gender":"Male",
  "Age":"41"
 },
 "Ann526":{
  "Gender":"Female",
  "Age":"26"
 },
 "Ann527":{
  "Gender":"Female",
  "Age":"48"
 },
 "Ann528":{
  "Gender":"Female",
  "Age":"28"
 },
 "Ann529":{
  "Gender":"Female",
  "Age":"46"
 },
 "Ann530":{
  "Gender":"Female",
  "Age":"36"
 },
 "Ann531":{
  "Gender":"nan",
  "Age":"nan"
 },
 "Ann532":{
  "Gender":"Male",
  "Age":"33"
 },
 "Ann533":{
  "Gender":"nan",
  "Age":"nan"
 },
 "Ann534":{
  "Gender":"Female",
  "Age":"39"
 },
 "Ann535":{
  "Gender":"Female",
  "Age":"33"
 },
 "Ann536":{
  "Gender":"Female",
  "Age":"33"
 },
 "Ann537":{
  "Gender":"Female",
  "Age":"33"
 },
 "Ann538":{
  "Gender":"Female",
  "Age":"41"
 },
 "Ann539":{
  "Gender":"Female",
  "Age":"27"
 },
 "Ann540":{
  "Gender":"Male",
  "Age":"40"
 },
 "Ann541":{
  "Gender":"Male",
  "Age":"36"
 },
 "Ann542":{
  "Gender":"Male",
  "Age":"26"
 },
 "Ann543":{
  "Gender":"Male",
  "Age":"36"
 },
 "Ann544":{
  "Gender":"Male",
  "Age":"59"
 },
 "Ann545":{
  "Gender":"Male",
  "Age":"23"
 },
 "Ann546":{
  "Gender":"Female",
  "Age":"53"
 },
 "Ann547":{
  "Gender":"Male",
  "Age":"23"
 },
 "Ann548":{
  "Gender":"Female",
  "Age":"25"
 },
 "Ann549":{
  "Gender":"Male",
  "Age":"54"
 },
 "Ann550":{
  "Gender":"Male",
  "Age":"64"
 },
 "Ann551":{
  "Gender":"Male",
  "Age":"31"
 },
 "Ann552":{
  "Gender":"Female",
  "Age":"57"
 },
 "Ann553":{
  "Gender":"Male",
  "Age":"52"
 },
 "Ann554":{
  "Gender":"Female",
  "Age":"26"
 },
 "Ann555":{
  "Gender":"nan",
  "Age":"nan"
 },
 "Ann556":{
  "Gender":"Female",
  "Age":"31"
 },
 "Ann557":{
  "Gender":"Female",
  "Age":"42"
 },
 "Ann558":{
  "Gender":"Male",
  "Age":"51"
 },
 "Ann559":{
  "Gender":"Female",
  "Age":"33"
 },
 "Ann560":{
  "Gender":"nan",
  "Age":"nan"
 },
 "Ann561":{
  "Gender":"Female",
  "Age":"55"
 },
 "Ann562":{
  "Gender":"Female",
  "Age":"49"
 },
 "Ann563":{
  "Gender":"Female",
  "Age":"57"
 },
 "Ann564":{
  "Gender":"Male",
  "Age":"58"
 },
 "Ann565":{
  "Gender":"Female",
  "Age":"48"
 },
 "Ann566":{
  "Gender":"Male",
  "Age":"32"
 },
 "Ann567":{
  "Gender":"Male",
  "Age":"38"
 },
 "Ann568":{
  "Gender":"Male",
  "Age":"40"
 },
 "Ann569":{
  "Gender":"Female",
  "Age":"30"
 },
 "Ann570":{
  "Gender":"Female",
  "Age":"55"
 },
 "Ann571":{
  "Gender":"Female",
  "Age":"29"
 },
 "Ann572":{
  "Gender":"Male",
  "Age":"33"
 },
 "Ann573":{
  "Gender":"Male",
  "Age":"69"
 },
 "Ann574":{
  "Gender":"Male",
  "Age":"47"
 },
 "Ann575":{
  "Gender":"CONSENT_REVOKED",
  "Age":"CONSENT_REVOKED"
 },
 "Ann576":{
  "Gender":"Female",
  "Age":"39"
 },
 "Ann577":{
  "Gender":"Male",
  "Age":"29"
 },
 "Ann578":{
  "Gender":"Male",
  "Age":"DATA_EXPIRED"
 },
 "Ann579":{
  "Gender":"Female",
  "Age":"24"
 },
 "Ann580":{
  "Gender":"Male",
  "Age":"42"
 },
 "Ann581":{
  "Gender":"Female",
  "Age":"26"
 },
 "Ann582":{
  "Gender":"Female",
  "Age":"46"
 },
 "Ann583":{
  "Gender":"Female",
  "Age":"22"
 },
 "Ann584":{
  "Gender":"Female",
  "Age":"47"
 },
 "Ann585":{
  "Gender":"Male",
  "Age":"29"
 },
 "Ann586":{
  "Gender":"Male",
  "Age":"27"
 },
 "Ann587":{
  "Gender":"Female",
  "Age":"33"
 },
 "Ann588":{
  "Gender":"Female",
  "Age":"22"
 },
 "Ann589":{
  "Gender":"Male",
  "Age":"25"
 },
 "Ann590":{
  "Gender":"Male",
  "Age":"52"
 },
 "Ann591":{
  "Gender":"Male",
  "Age":"52"
 },
 "Ann592":{
  "Gender":"Male",
  "Age":"20"
 },
 "Ann593":{
  "Gender":"Male",
  "Age":"39"
 },
 "Ann594":{
  "Gender":"nan",
  "Age":"nan"
 },
 "Ann595":{
  "Gender":"Male",
  "Age":"36"
 },
 "Ann596":{
  "Gender":"Male",
  "Age":"32"
 },
 "Ann597":{
  "Gender":"Male",
  "Age":"29"
 },
 "Ann598":{
  "Gender":"Female",
  "Age":"28"
 },
 "Ann599":{
  "Gender":"Male",
  "Age":"31"
 },
 "Ann600":{
  "Gender":"Male",
  "Age":"63"
 },
 "Ann601":{
  "Gender":"Male",
  "Age":"38"
 },
 "Ann602":{
  "Gender":"Female",
  "Age":"25"
 },
 "Ann603":{
  "Gender":"Male",
  "Age":"42"
 },
 "Ann604":{
  "Gender":"Male",
  "Age":"59"
 },
 "Ann605":{
  "Gender":"Male",
  "Age":"39"
 },
 "Ann606":{
  "Gender":"Female",
  "Age":"42"
 },
 "Ann607":{
  "Gender":"Female",
  "Age":"24"
 },
 "Ann608":{
  "Gender":"Male",
  "Age":"24"
 },
 "Ann609":{
  "Gender":"Female",
  "Age":"21"
 },
 "Ann610":{
  "Gender":"Female",
  "Age":"31"
 },
 "Ann611":{
  "Gender":"Male",
  "Age":"45"
 },
 "Ann612":{
  "Gender":"Male",
  "Age":"DATA_EXPIRED"
 },
 "Ann613":{
  "Gender":"Female",
  "Age":"29"
 },
 "Ann614":{
  "Gender":"Female",
  "Age":"70"
 },
 "Ann615":{
  "Gender":"Male",
  "Age":"28"
 },
 "Ann616":{
  "Gender":"Male",
  "Age":"22"
 },
 "Ann617":{
  "Gender":"Female",
  "Age":"29"
 },
 "Ann618":{
  "Gender":"Female",
  "Age":"40"
 },
 "Ann619":{
  "Gender":"Female",
  "Age":"33"
 },
 "Ann620":{
  "Gender":"Male",
  "Age":"46"
 },
 "Ann621":{
  "Gender":"CONSENT_REVOKED",
  "Age":"CONSENT_REVOKED"
 },
 "Ann622":{
  "Gender":"Female",
  "Age":"37"
 },
 "Ann623":{
  "Gender":"Female",
  "Age":"66"
 },
 "Ann624":{
  "Gender":"Female",
  "Age":"23"
 },
 "Ann625":{
  "Gender":"Female",
  "Age":"31"
 },
 "Ann626":{
  "Gender":"Female",
  "Age":"34"
 },
 "Ann627":{
  "Gender":"Male",
  "Age":"31"
 },
 "Ann628":{
  "Gender":"Female",
  "Age":"24"
 },
 "Ann629":{
  "Gender":"Male",
  "Age":"43"
 },
 "Ann630":{
  "Gender":"Male",
  "Age":"55"
 },
 "Ann631":{
  "Gender":"Male",
  "Age":"26"
 },
 "Ann632":{
  "Gender":"Female",
  "Age":"40"
 },
 "Ann633":{
  "Gender":"Male",
  "Age":"35"
 },
 "Ann634":{
  "Gender":"Female",
  "Age":"29"
 },
 "Ann635":{
  "Gender":"Male",
  "Age":"42"
 },
 "Ann636":{
  "Gender":"Female",
  "Age":"29"
 },
 "Ann637":{
  "Gender":"Female",
  "Age":"37"
 },
 "Ann638":{
  "Gender":"Male",
  "Age":"37"
 },
 "Ann639":{
  "Gender":"Male",
  "Age":"44"
 },
 "Ann640":{
  "Gender":"Female",
  "Age":"24"
 },
 "Ann641":{
  "Gender":"Female",
  "Age":"46"
 },
 "Ann642":{
  "Gender":"Male",
  "Age":"43"
 },
 "Ann643":{
  "Gender":"Male",
  "Age":"65"
 },
 "Ann644":{
  "Gender":"Male",
  "Age":"38"
 },
 "Ann645":{
  "Gender":"Male",
  "Age":"26"
 },
 "Ann646":{
  "Gender":"Female",
  "Age":"41"
 },
 "Ann647":{
  "Gender":"Female",
  "Age":"50"
 },
 "Ann648":{
  "Gender":"Female",
  "Age":"49"
 },
 "Ann649":{
  "Gender":"nan",
  "Age":"nan"
 },
 "Ann650":{
  "Gender":"Male",
  "Age":"78"
 },
 "Ann651":{
  "Gender":"Female",
  "Age":"36"
 },
 "Ann652":{
  "Gender":"Female",
  "Age":"35"
 },
 "Ann653":{
  "Gender":"Female",
  "Age":"26"
 },
 "Ann654":{
  "Gender":"Male",
  "Age":"40"
 },
 "Ann655":{
  "Gender":"Male",
  "Age":"35"
 },
 "Ann656":{
  "Gender":"Female",
  "Age":"38"
 },
 "Ann657":{
  "Gender":"Female",
  "Age":"34"
 },
 "Ann658":{
  "Gender":"Female",
  "Age":"31"
 },
 "Ann659":{
  "Gender":"Female",
  "Age":"39"
 },
 "Ann660":{
  "Gender":"Female",
  "Age":"41"
 },
 "Ann661":{
  "Gender":"Female",
  "Age":"38"
 },
 "Ann662":{
  "Gender":"Female",
  "Age":"36"
 },
 "Ann663":{
  "Gender":"Female",
  "Age":"38"
 },
 "Ann664":{
  "Gender":"Male",
  "Age":"44"
 },
 "Ann665":{
  "Gender":"Male",
  "Age":"51"
 },
 "Ann666":{
  "Gender":"Female",
  "Age":"24"
 },
 "Ann667":{
  "Gender":"Male",
  "Age":"23"
 },
 "Ann668":{
  "Gender":"Female",
  "Age":"21"
 },
 "Ann669":{
  "Gender":"Female",
  "Age":"22"
 },
 "Ann670":{
  "Gender":"Male",
  "Age":"35"
 },
 "Ann671":{
  "Gender":"Female",
  "Age":"23"
 },
 "Ann672":{
  "Gender":"Male",
  "Age":"27"
 },
 "Ann673":{
  "Gender":"Female",
  "Age":"66"
 },
 "Ann674":{
  "Gender":"Male",
  "Age":"46"
 },
 "Ann675":{
  "Gender":"nan",
  "Age":"nan"
 },
 "Ann676":{
  "Gender":"Male",
  "Age":"64"
 },
 "Ann677":{
  "Gender":"Female",
  "Age":"21"
 },
 "Ann678":{
  "Gender":"Female",
  "Age":"56"
 },
 "Ann679":{
  "Gender":"Male",
  "Age":"24"
 },
 "Ann680":{
  "Gender":"Male",
  "Age":"55"
 },
 "Ann681":{
  "Gender":"Male",
  "Age":"37"
 },
 "Ann682":{
  "Gender":"Male",
  "Age":"41"
 },
 "Ann683":{
  "Gender":"Male",
  "Age":"37"
 },
 "Ann684":{
  "Gender":"Male",
  "Age":"25"
 },
 "Ann685":{
  "Gender":"Male",
  "Age":"42"
 },
 "Ann686":{
  "Gender":"Male",
  "Age":"60"
 },
 "Ann687":{
  "Gender":"Male",
  "Age":"56"
 },
 "Ann688":{
  "Gender":"Male",
  "Age":"33"
 },
 "Ann689":{
  "Gender":"Male",
  "Age":"19"
 },
 "Ann690":{
  "Gender":"Male",
  "Age":"41"
 },
 "Ann691":{
  "Gender":"Female",
  "Age":"70"
 },
 "Ann692":{
  "Gender":"Male",
  "Age":"38"
 },
 "Ann693":{
  "Gender":"Female",
  "Age":"38"
 },
 "Ann694":{
  "Gender":"Female",
  "Age":"38"
 },
 "Ann695":{
  "Gender":"Male",
  "Age":"52"
 },
 "Ann696":{
  "Gender":"Female",
  "Age":"24"
 },
 "Ann697":{
  "Gender":"Male",
  "Age":"41"
 },
 "Ann698":{
  "Gender":"Male",
  "Age":"25"
 },
 "Ann699":{
  "Gender":"Male",
  "Age":"48"
 },
 "Ann700":{
  "Gender":"Male",
  "Age":"30"
 },
 "Ann701":{
  "Gender":"Female",
  "Age":"21"
 },
 "Ann702":{
  "Gender":"Male",
  "Age":"43"
 },
 "Ann703":{
  "Gender":"Male",
  "Age":"22"
 },
 "Ann704":{
  "Gender":"Male",
  "Age":"23"
 },
 "Ann705":{
  "Gender":"Female",
  "Age":"39"
 },
 "Ann706":{
  "Gender":"Male",
  "Age":"47"
 },
 "Ann707":{
  "Gender":"Female",
  "Age":"49"
 },
 "Ann708":{
  "Gender":"Female",
  "Age":"30"
 },
 "Ann709":{
  "Gender":"Female",
  "Age":"23"
 },
 "Ann710":{
  "Gender":"Male",
  "Age":"61"
 },
 "Ann711":{
  "Gender":"Female",
  "Age":"36"
 },
 "Ann712":{
  "Gender":"Male",
  "Age":"20"
 },
 "Ann713":{
  "Gender":"Male",
  "Age":"24"
 },
 "Ann714":{
  "Gender":"Female",
  "Age":"48"
 },
 "Ann715":{
  "Gender":"Male",
  "Age":"33"
 },
 "Ann716":{
  "Gender":"Male",
  "Age":"21"
 },
 "Ann717":{
  "Gender":"Male",
  "Age":"39"
 },
 "Ann718":{
  "Gender":"Male",
  "Age":"32"
 },
 "Ann719":{
  "Gender":"Female",
  "Age":"31"
 },
 "Ann720":{
  "Gender":"Female",
  "Age":"41"
 },
 "Ann721":{
  "Gender":"Male",
  "Age":"23"
 },
 "Ann722":{
  "Gender":"Female",
  "Age":"58"
 },
 "Ann723":{
  "Gender":"Female",
  "Age":"26"
 },
 "Ann724":{
  "Gender":"Male",
  "Age":"19"
 },
 "Ann725":{
  "Gender":"Male",
  "Age":"26"
 },
 "Ann726":{
  "Gender":"Male",
  "Age":"43"
 },
 "Ann727":{
  "Gender":"Male",
  "Age":"24"
 },
 "Ann728":{
  "Gender":"Male",
  "Age":"56"
 },
 "Ann729":{
  "Gender":"Male",
  "Age":"51"
 },
 "Ann730":{
  "Gender":"Male",
  "Age":"23"
 },
 "Ann731":{
  "Gender":"Male",
  "Age":"20"
 },
 "Ann732":{
  "Gender":"Male",
  "Age":"35"
 },
 "Ann733":{
  "Gender":"Female",
  "Age":"30"
 },
 "Ann734":{
  "Gender":"Male",
  "Age":"31"
 },
 "Ann735":{
  "Gender":"Female",
  "Age":"21"
 },
 "Ann736":{
  "Gender":"Male",
  "Age":"35"
 },
 "Ann737":{
  "Gender":"Female",
  "Age":"40"
 },
 "Ann738":{
  "Gender":"Male",
  "Age":"21"
 },
 "Ann739":{
  "Gender":"Female",
  "Age":"29"
 },
 "Ann740":{
  "Gender":"nan",
  "Age":"nan"
 },
 "Ann741":{
  "Gender":"Female",
  "Age":"25"
 },
 "Ann742":{
  "Gender":"Male",
  "Age":"53"
 },
 "Ann743":{
  "Gender":"Female",
  "Age":"31"
 },
 "Ann744":{
  "Gender":"Male",
  "Age":"48"
 },
 "Ann745":{
  "Gender":"Male",
  "Age":"37"
 },
 "Ann746":{
  "Gender":"Female",
  "Age":"38"
 },
 "Ann747":{
  "Gender":"Male",
  "Age":"50"
 },
 "Ann748":{
  "Gender":"Male",
  "Age":"21"
 },
 "Ann749":{
  "Gender":"Female",
  "Age":"22"
 },
 "Ann750":{
  "Gender":"Female",
  "Age":"41"
 },
 "Ann751":{
  "Gender":"Female",
  "Age":"48"
 },
 "Ann752":{
  "Gender":"Male",
  "Age":"23"
 },
 "Ann753":{
  "Gender":"Male",
  "Age":"35"
 },
 "Ann754":{
  "Gender":"Female",
  "Age":"24"
 },
 "Ann755":{
  "Gender":"Female",
  "Age":"39"
 },
 "Ann756":{
  "Gender":"nan",
  "Age":"nan"
 },
 "Ann757":{
  "Gender":"Male",
  "Age":"52"
 },
 "Ann758":{
  "Gender":"Female",
  "Age":"22"
 },
 "Ann759":{
  "Gender":"Male",
  "Age":"38"
 },
 "Ann760":{
  "Gender":"Female",
  "Age":"28"
 },
 "Ann761":{
  "Gender":"Female",
  "Age":"20"
 },
 "Ann762":{
  "Gender":"Female",
  "Age":"36"
 },
 "Ann763":{
  "Gender":"Female",
  "Age":"39"
 },
 "Ann764":{
  "Gender":"Female",
  "Age":"28"
 },
 "Ann765":{
  "Gender":"Female",
  "Age":"45"
 },
 "Ann766":{
  "Gender":"Female",
  "Age":"25"
 },
 "Ann767":{
  "Gender":"Female",
  "Age":"41"
 },
 "Ann768":{
  "Gender":"Male",
  "Age":"70"
 },
 "Ann769":{
  "Gender":"Female",
  "Age":"58"
 },
 "Ann770":{
  "Gender":"Female",
  "Age":"27"
 },
 "Ann771":{
  "Gender":"Male",
  "Age":"34"
 },
 "Ann772":{
  "Gender":"Male",
  "Age":"46"
 },
 "Ann773":{
  "Gender":"Male",
  "Age":"26"
 },
 "Ann774":{
  "Gender":"Female",
  "Age":"26"
 },
 "Ann775":{
  "Gender":"Female",
  "Age":"30"
 },
 "Ann776":{
  "Gender":"Female",
  "Age":"24"
 },
 "Ann777":{
  "Gender":"Male",
  "Age":"39"
 },
 "Ann778":{
  "Gender":"Male",
  "Age":"62"
 },
 "Ann779":{
  "Gender":"Female",
  "Age":"28"
 },
 "Ann780":{
  "Gender":"Female",
  "Age":"22"
 },
 "Ann781":{
  "Gender":"Male",
  "Age":"24"
 },
 "Ann782":{
  "Gender":"Male",
  "Age":"22"
 },
 "Ann783":{
  "Gender":"Female",
  "Age":"31"
 },
 "Ann784":{
  "Gender":"Male",
  "Age":"50"
 },
 "Ann785":{
  "Gender":"Male",
  "Age":"52"
 },
 "Ann786":{
  "Gender":"Male",
  "Age":"34"
 },
 "Ann787":{
  "Gender":"Male",
  "Age":"31"
 },
 "Ann788":{
  "Gender":"nan",
  "Age":"nan"
 },
 "Ann789":{
  "Gender":"Male",
  "Age":"18"
 },
 "Ann790":{
  "Gender":"Male",
  "Age":"41"
 },
 "Ann791":{
  "Gender":"Female",
  "Age":"42"
 },
 "Ann792":{
  "Gender":"Male",
  "Age":"35"
 },
 "Ann793":{
  "Gender":"Female",
  "Age":"49"
 },
 "Ann794":{
  "Gender":"Female",
  "Age":"22"
 },
 "Ann795":{
  "Gender":"Female",
  "Age":"31"
 },
 "Ann796":{
  "Gender":"Female",
  "Age":"52"
 },
 "Ann797":{
  "Gender":"Male",
  "Age":"31"
 },
 "Ann798":{
  "Gender":"Male",
  "Age":"26"
 },
 "Ann799":{
  "Gender":"Female",
  "Age":"58"
 },
 "Ann800":{
  "Gender":"Male",
  "Age":"27"
 },
 "Ann801":{
  "Gender":"Female",
  "Age":"32"
 },
 "Ann802":{
  "Gender":"Male",
  "Age":"56"
 },
 "Ann803":{
  "Gender":"Female",
  "Age":"67"
 },
 "Ann804":{
  "Gender":"Male",
  "Age":"22"
 },
 "Ann805":{
  "Gender":"Female",
  "Age":"29"
 },
 "Ann806":{
  "Gender":"Male",
  "Age":"31"
 },
 "Ann807":{
  "Gender":"Female",
  "Age":"37"
 },
 "Ann808":{
  "Gender":"Male",
  "Age":"49"
 },
 "Ann809":{
  "Gender":"Female",
  "Age":"24"
 },
 "Ann810":{
  "Gender":"Female",
  "Age":"40"
 },
 "Ann811":{
  "Gender":"Male",
  "Age":"52"
 },
 "Ann812":{
  "Gender":"Male",
  "Age":"26"
 },
 "Ann813":{
  "Gender":"Female",
  "Age":"57"
 },
 "Ann814":{
  "Gender":"Male",
  "Age":"58"
 },
 "Ann815":{
  "Gender":"Male",
  "Age":"56"
 },
 "Ann816":{
  "Gender":"Female",
  "Age":"24"
 },
 "Ann817":{
  "Gender":"Male",
  "Age":"31"
 },
 "Ann818":{
  "Gender":"Female",
  "Age":"45"
 },
 "Ann819":{
  "Gender":"Male",
  "Age":"51"
 },
 "Ann820":{
  "Gender":"Male",
  "Age":"26"
 },
 "Ann821":{
  "Gender":"Male",
  "Age":"20"
 },
 "Ann822":{
  "Gender":"Female",
  "Age":"38"
 },
 "Ann823":{
  "Gender":"Female",
  "Age":"35"
 },
 "Ann824":{
  "Gender":"Male",
  "Age":"36"
 },
 "Ann825":{
  "Gender":"Female",
  "Age":"24"
 },
 "Ann826":{
  "Gender":"Female",
  "Age":"55"
 },
 "Ann827":{
  "Gender":"Female",
  "Age":"35"
 },
 "Ann828":{
  "Gender":"Male",
  "Age":"29"
 },
 "Ann829":{
  "Gender":"Male",
  "Age":"29"
 },
 "Ann830":{
  "Gender":"Male",
  "Age":"24"
 },
 "Ann831":{
  "Gender":"Male",
  "Age":"24"
 },
 "Ann832":{
  "Gender":"Male",
  "Age":"44"
 },
 "Ann833":{
  "Gender":"Female",
  "Age":"56"
 },
 "Ann834":{
  "Gender":"Female",
  "Age":"39"
 },
 "Ann835":{
  "Gender":"Male",
  "Age":"35"
 },
 "Ann836":{
  "Gender":"Female",
  "Age":"75"
 },
 "Ann837":{
  "Gender":"Male",
  "Age":"36"
 },
 "Ann838":{
  "Gender":"Male",
  "Age":"52"
 },
 "Ann839":{
  "Gender":"nan",
  "Age":"nan"
 }
}